{
  "video01/video01_00400": {
    "semantic": {
      "iou": 0.8740218611269004,
      "dice": 0.9307534642185882,
      "precision": 0.9001148169650591,
      "recall": 0.968688757081317,
      "n": 80
    },
    "per_class": {
      "grasper": {
        "iou": 0.7616602718875736,
        "dice": 0.8088636753921179,
        "precision": 0.9119807293149416,
        "recall": 0.8467672955795654,
        "n": 80
      },
      "l_hook_electrocautery": {
        "iou": 0.5354168243348801,
        "dice": 0.6544053315412802,
        "precision": 0.6966881393073316,
        "recall": 0.828034953291309,
        "n": 13
      }
    },
    "n_frames": 80
  },
  "video18/video18_00979": {
    "semantic": {
      "iou": 0.9317641762861472,
      "dice": 0.9646289477505133,
      "precision": 0.9756102828248029,
      "recall": 0.9540934669921167,
      "n": 80
    },
    "per_class": {
      "grasper": {
        "iou": 0.9406158869652478,
        "dice": 0.9693658703889867,
        "precision": 0.9722003552951977,
        "recall": 0.9667330967116371,
        "n": 80
      },
      "l_hook_electrocautery": {
        "iou": 0.9254713389826605,
        "dice": 0.9611916524388219,
        "precision": 0.9783192458853966,
        "recall": 0.9451420930131065,
        "n": 80
      }
    },
    "n_frames": 80
  },
  "video01/video01_28900": {
    "semantic": {
      "iou": 0.8695557951064323,
      "dice": 0.9260594830193382,
      "precision": 0.9171042002123485,
      "recall": 0.943788222378223,
      "n": 80
    },
    "per_class": {
      "grasper": {
        "iou": 0.6398292018705112,
        "dice": 0.7468671982225473,
        "precision": 0.7492238446945076,
        "recall": 0.8615438542431281,
        "n": 44
      },
      "l_hook_electrocautery": {
        "iou": 0.9118296356594735,
        "dice": 0.9534541323847526,
        "precision": 0.9620051515354592,
        "recall": 0.9468912052550246,
        "n": 78
      }
    },
    "n_frames": 80
  },
  "video12/video12_15750": {
    "semantic": {
      "iou": 0.8570582751480231,
      "dice": 0.9229174459375656,
      "precision": 0.8919652823555024,
      "recall": 0.9563071729424475,
      "n": 80
    },
    "per_class": {
      "grasper": {
        "iou": 0.8852039117199118,
        "dice": 0.9387885086464081,
        "precision": 0.9336444382654511,
        "recall": 0.9450941325919932,
        "n": 80
      },
      "l_hook_electrocautery": {
        "iou": 0.9457138540639136,
        "dice": 0.9720542885553926,
        "precision": 0.9823454885823063,
        "recall": 0.9621435373315128,
        "n": 80
      }
    },
    "n_frames": 80
  },
  "video43/video43_00547": {
    "semantic": {
      "iou": 0.8966049213682492,
      "dice": 0.9454018148566288,
      "precision": 0.9448576813826861,
      "recall": 0.9466522798537473,
      "n": 80
    },
    "per_class": {
      "grasper": {
        "iou": 0.8966049213682492,
        "dice": 0.9454018148566288,
        "precision": 0.9448576813826861,
        "recall": 0.9466522798537473,
        "n": 80
      },
      "l_hook_electrocautery": {
        "iou": 0.0,
        "dice": 0.0,
        "precision": 0.0,
        "recall": 0.0,
        "n": 0
      }
    },
    "n_frames": 80
  },
  "video25/video25_00162": {
    "semantic": {
      "iou": 0.759404420136498,
      "dice": 0.8230198516034235,
      "precision": 0.9228355961373985,
      "recall": 0.8188847978494312,
      "n": 80
    },
    "per_class": {
      "grasper": {
        "iou": 0.7596478640454025,
        "dice": 0.8232276488791903,
        "precision": 0.9232181333982012,
        "recall": 0.8188847978494312,
        "n": 80
      },
      "l_hook_electrocautery": {
        "iou": 0.0,
        "dice": 0.0,
        "precision": 0.0,
        "recall": 0.0,
        "n": 0
      }
    },
    "n_frames": 80
  }
}